{
  "id": "1609652",
  "name": "k-form-design",
  "font_family": "iconfont",
  "css_prefix_text": "icon-",
  "description": "",
  "glyphs": [
    {
      "icon_id": "7544797",
      "name": "树型",
      "font_class": "juxingkaobei",
      "unicode": "e7a5",
      "unicode_decimal": 59301
    },
    {
      "icon_id": "10901926",
      "name": "模型树",
      "font_class": "tree",
      "unicode": "e608",
      "unicode_decimal": 58888
    },
    {
      "icon_id": "12694622",
      "name": "关联",
      "font_class": "guanlian",
      "unicode": "e61f",
      "unicode_decimal": 58911
    },
    {
      "icon_id": "1812699",
      "name": "edit-编辑",
      "font_class": "edit",
      "unicode": "e607",
      "unicode_decimal": 58887
    },
    {
      "icon_id": "1813034",
      "name": "write-写",
      "font_class": "write",
      "unicode": "e612",
      "unicode_decimal": 58898
    },
    {
      "icon_id": "1813038",
      "name": "gallery-画廊",
      "font_class": "gallery",
      "unicode": "e613",
      "unicode_decimal": 58899
    },
    {
      "icon_id": "721659",
      "name": "代码",
      "font_class": "ai-code",
      "unicode": "e606",
      "unicode_decimal": 58886
    },
    {
      "icon_id": "1467357",
      "name": "html5",
      "font_class": "html",
      "unicode": "e693",
      "unicode_decimal": 59027
    },
    {
      "icon_id": "11976079",
      "name": "提示",
      "font_class": "zu",
      "unicode": "e615",
      "unicode_decimal": 58901
    },
    {
      "icon_id": "1813719",
      "name": "time-时间",
      "font_class": "time",
      "unicode": "e633",
      "unicode_decimal": 58931
    },
    {
      "icon_id": "11737013",
      "name": "number",
      "font_class": "number",
      "unicode": "e639",
      "unicode_decimal": 58937
    },
    {
      "icon_id": "1812689",
      "name": "menu-菜单",
      "font_class": "menu",
      "unicode": "e605",
      "unicode_decimal": 58885
    },
    {
      "icon_id": "1812743",
      "name": "download-下载",
      "font_class": "download",
      "unicode": "e60b",
      "unicode_decimal": 58891
    },
    {
      "icon_id": "1812751",
      "name": "upload-上传",
      "font_class": "upload",
      "unicode": "e60c",
      "unicode_decimal": 58892
    },
    {
      "icon_id": "1813029",
      "name": "folder-文件夹",
      "font_class": "folder",
      "unicode": "e611",
      "unicode_decimal": 58897
    },
    {
      "icon_id": "1813190",
      "name": "image-图像",
      "font_class": "image",
      "unicode": "e61a",
      "unicode_decimal": 58906
    },
    {
      "icon_id": "1812735",
      "name": "calendar-日历",
      "font_class": "calendar",
      "unicode": "e60a",
      "unicode_decimal": 58890
    },
    {
      "icon_id": "5755487",
      "name": "单选-粗线条",
      "font_class": "danxuan-cuxiantiao",
      "unicode": "e676",
      "unicode_decimal": 58998
    },
    {
      "icon_id": "7274115",
      "name": "字号",
      "font_class": "zihao",
      "unicode": "e623",
      "unicode_decimal": 58915
    },
    {
      "icon_id": "1813731",
      "name": "button-add-按钮添加",
      "font_class": "button-add",
      "unicode": "e637",
      "unicode_decimal": 58935
    },
    {
      "icon_id": "1813733",
      "name": "button-remove-按钮删除",
      "font_class": "button-remove",
      "unicode": "e638",
      "unicode_decimal": 58936
    },
    {
      "icon_id": "731574",
      "name": "多选",
      "font_class": "duoxuan1",
      "unicode": "e66d",
      "unicode_decimal": 58989
    },
    {
      "icon_id": "1790453",
      "name": "单行文本",
      "font_class": "danhangwenben",
      "unicode": "e6e6",
      "unicode_decimal": 59110
    },
    {
      "icon_id": "1790454",
      "name": "多行文本",
      "font_class": "duohangwenben",
      "unicode": "e6e7",
      "unicode_decimal": 59111
    },
    {
      "icon_id": "695129",
      "name": "单选 选中",
      "font_class": "danxuanxuanzhong",
      "unicode": "e62d",
      "unicode_decimal": 58925
    },
    {
      "icon_id": "784217",
      "name": "开关3",
      "font_class": "kaiguan3",
      "unicode": "e6da",
      "unicode_decimal": 59098
    },
    {
      "icon_id": "1305461",
      "name": "表格",
      "font_class": "biaoge",
      "unicode": "e63e",
      "unicode_decimal": 58942
    },
    {
      "icon_id": "2471370",
      "name": "卡片",
      "font_class": "qiapian",
      "unicode": "e674",
      "unicode_decimal": 58996
    },
    {
      "icon_id": "5203323",
      "name": "栅格",
      "font_class": "zhage",
      "unicode": "e63f",
      "unicode_decimal": 58943
    },
    {
      "icon_id": "6022670",
      "name": "下拉2",
      "font_class": "xiala",
      "unicode": "e640",
      "unicode_decimal": 58944
    },
    {
      "icon_id": "6337454",
      "name": "分割线",
      "font_class": "fengexian",
      "unicode": "ec7f",
      "unicode_decimal": 60543
    },
    {
      "icon_id": "9626907",
      "name": "评分_默认",
      "font_class": "pingfen_moren",
      "unicode": "e877",
      "unicode_decimal": 59511
    }
  ]
}
